timestamp;tag;duration;package_0;package_1;dram_0;dram_1;nvidia_gpu_0
1787854483.2711217;test_SVM_classification_inference;10.68076229095459;555140058.0;441478729.0;47963358.0;34651012.0;145195
1787854523.985641;test_gaussian_NB_classification;0.21465396881103516;9153175.0;7121564.0;1257338.0;696471.0;1661
1787854554.233315;test_gaussian_NB_classification_inference;0.04057717323303223;1354855.0;1049009.0;260085.0;130050.0;0
1787854584.3069139;test_random_forest_classification;255.73184418678284;13136009157.0;10493229607.0;1215928088.0;829839441.0;3516444
1787854870.0750492;test_random_forest_classification_inference;10.985874652862549;558980136.0;450640326.0;52543765.0;35647684.0;152067
1787854911.0947797;test_logistic_regression_classification;0.6310174465179443;65597122.0;48070373.0;3626850.0;2767403.0;8179
1787854941.758727;test_logistic_regression_classification_inference;0.013971090316772461;442320.0;427611.0;76653.0;45411.0;0
1787854971.8057241;test_decision_tree_classification;12.561704635620117;641495062.0;514465174.0;57393483.0;40764815.0;174081
1787855014.403349;test_decision_tree_classification_inference;0.12532377243041992;4661670.0;3747793.0;590212.0;407057.0;646
1787855044.5616176;test_SVM_classification;9.367627143859863;489073821.0;381649597.0;43792073.0;30397428.0;126936
1787855083.9628131;test_gaussian_NB_classification;0.21208667755126953;9082557.0;7053205.0;1234358.0;686985.0;2269
1787855114.2079344;test_SVM_classification;9.347205877304077;488040498.0;381618469.0;43874693.0;30327415.0;127809
1787855153.5887508;test_decision_tree_classification_inference;0.1240236759185791;4558948.0;3661001.0;578309.0;400600.0;1594
1787855183.745784;test_logistic_regression_classification;0.7030143737792969;74415764.0;66771863.0;3908920.0;3037295.0;8825
1787855214.4828606;test_decision_tree_classification;12.678930044174194;647021781.0;518368424.0;58083834.0;41142327.0;170851
1787855257.1979043;test_SVM_classification_inference;10.64873218536377;552013846.0;434591844.0;47592195.0;34549818.0;144076
1787855297.8802078;test_random_forest_classification_inference;10.861222267150879;552163931.0;443671960.0;52645372.0;35246595.0;144718
1787855338.7750747;test_gaussian_NB_classification_inference;0.04094529151916504;1376400.0;1047788.0;264690.0;133202.0;0
1787855368.8490603;test_logistic_regression_classification_inference;0.01472783088684082;495604.0;440429.0;77158.0;46268.0;0
1787855398.8969722;test_random_forest_classification;256.39108753204346;13163949881.0;10519068774.0;1218482667.0;832206688.0;3496536
1787855685.3243647;test_logistic_regression_classification;0.7375903129577637;78475201.0;58559176.0;4107315.0;3170404.0;9712
1787855716.0948815;test_SVM_classification_inference;10.670144319534302;554252060.0;442167447.0;47764902.0;34619953.0;144485
1787855756.7986133;test_gaussian_NB_classification_inference;0.04144692420959473;1413570.0;1103513.0;264400.0;133156.0;181
1787855786.8730917;test_gaussian_NB_classification;0.2075660228729248;8920326.0;6926374.0;1218202.0;673231.0;1726
1787855817.1137984;test_decision_tree_classification;12.563117980957031;641121100.0;514584986.0;57481534.0;40761235.0;173782
1787855859.7126923;test_random_forest_classification_inference;10.832107543945312;550894158.0;446781999.0;51894127.0;35143059.0;149946
1787855900.5786207;test_SVM_classification;9.345759630203247;488063692.0;383023006.0;43756378.0;30333734.0;127434
1787855939.9580796;test_random_forest_classification;255.32932686805725;13116203727.0;10506301351.0;1222417368.0;828527390.0;3463322
1787856225.3235953;test_decision_tree_classification_inference;0.12429213523864746;4722339.0;3704824.0;589509.0;403705.0;1306
1787856255.4809332;test_logistic_regression_classification_inference;0.020433902740478516;772825.0;646666.0;101455.0;65851.0;0
1787856285.534432;test_decision_tree_classification;12.561759948730469;641419988.0;517967363.0;59112468.0;40759919.0;171189
1787856328.130047;test_random_forest_classification;254.50091981887817;13077453644.0;10471017811.0;1215666610.0;825843602.0;3467454
1787856612.667284;test_random_forest_classification_inference;10.841129541397095;551714102.0;449034800.0;52692894.0;35176291.0;146964
1787856653.5423684;test_logistic_regression_classification;0.6298167705535889;65642654.0;54848309.0;3611841.0;2685242.0;7969
1787856684.2050493;test_decision_tree_classification_inference;0.12481236457824707;4564869.0;3691641.0;589142.0;403430.0;1472
1787856714.3628361;test_SVM_classification;9.344059228897095;488090670.0;384368523.0;44603035.0;30320775.0;127549
1787856753.7428524;test_logistic_regression_classification_inference;0.012498140335083008;436827.0;399047.0;67136.0;39183.0;0
1787856783.7884161;test_gaussian_NB_classification_inference;0.0427403450012207;1408993.0;1126706.0;273319.0;140163.0;0
1787856813.8641906;test_SVM_classification_inference;10.63762354850769;551640922.0;433166616.0;47341443.0;34513694.0;146269
1787856854.5353565;test_gaussian_NB_classification;0.2128925323486328;9168190.0;7117230.0;1236347.0;690107.0;1649
1787856884.781282;test_SVM_classification_inference;10.669114112854004;552942188.0;433772022.0;47494856.0;34618805.0;145426
1787856925.483943;test_random_forest_classification;257.15236139297485;13205804206.0;10551684475.0;1236975532.0;834438591.0;3501246
1787857212.6725762;test_logistic_regression_classification;0.6256494522094727;65260331.0;59340302.0;3575840.0;2660732.0;7698
1787857243.331164;test_gaussian_NB_classification_inference;0.040730953216552734;1345944.0;1047787.0;257422.0;133645.0;17
1787857273.4049504;test_SVM_classification;9.3426353931427;487892916.0;385763600.0;43448695.0;30318602.0;129464
1787857312.7817705;test_decision_tree_classification;12.57191252708435;641856572.0;519397535.0;57653552.0;40796501.0;172542
1787857355.3895724;test_gaussian_NB_classification;0.20877695083618164;8871560.0;6883832.0;1227718.0;676764.0;2849
1787857385.6313431;test_decision_tree_classification_inference;0.12482905387878418;4568714.0;3674368.0;575555.0;403216.0;739
1787857415.7902756;test_logistic_regression_classification_inference;0.011891603469848633;430480.0;426696.0;62087.0;39780.0;0
1787857445.8351865;test_random_forest_classification_inference;10.840947389602661;551102105.0;446195452.0;51236808.0;35175740.0;149198
1787857486.7097423;test_gaussian_NB_classification;0.21023845672607422;8874306.0;6867841.0;1229524.0;683222.0;2006
1787857516.9537425;test_random_forest_classification;255.00012040138245;13098161049.0;10491676876.0;1210814262.0;827828991.0;3499421
1787857801.9901245;test_gaussian_NB_classification_inference;0.04286789894104004;1408932.0;1123776.0;273243.0;139598.0;0
1787857832.0660758;test_random_forest_classification_inference;10.826920986175537;551144280.0;448322033.0;52060483.0;35133925.0;147204
1787857872.926682;test_SVM_classification;9.333426475524902;487427463.0;385669728.0;44673935.0;30283168.0;125704
1787857912.2936847;test_SVM_classification_inference;10.685911417007446;554656967.0;441296234.0;47778198.0;34670687.0;143516
1787857953.0153682;test_logistic_regression_classification_inference;0.01895427703857422;716124.0;580077.0;96313.0;62531.0;0
1787857983.0672355;test_decision_tree_classification_inference;0.12460708618164062;4569935.0;3676199.0;577988.0;403400.0;330
1787858013.224815;test_logistic_regression_classification;0.6299002170562744;65150956.0;45131049.0;3622519.0;2699011.0;7614
1787858043.8878186;test_decision_tree_classification;12.592363595962524;642681765.0;518673965.0;57380126.0;40862673.0;170773
1787858086.5138988;test_SVM_classification;9.344766616821289;487945345.0;383204464.0;43348113.0;30318251.0;126797
1787858125.8922434;test_random_forest_classification_inference;10.82922649383545;550276119.0;446079913.0;51378348.0;35137245.0;145227
1787858166.7550206;test_gaussian_NB_classification_inference;0.04157757759094238;1383968.0;1067807.0;259106.0;133339.0;0
1787858196.829646;test_random_forest_classification;255.23887157440186;13107432814.0;10513439944.0;1214269904.0;828216019.0;3480096
1787858482.104776;test_decision_tree_classification;12.62683367729187;644752133.0;523181522.0;58345969.0;40966791.0;174955
1787858524.7654982;test_logistic_regression_classification_inference;0.02142477035522461;804258.0;697325.0;105355.0;69416.0;0
1787858554.8161893;test_decision_tree_classification_inference;0.12355852127075195;4548573.0;3661916.0;580298.0;399789.0;1263
1787858584.9728026;test_gaussian_NB_classification;0.21295833587646484;9064796.0;7021100.0;1261561.0;689877.0;1704
1787858615.2195883;test_SVM_classification_inference;10.655125617980957;553381763.0;435929243.0;47453348.0;34570947.0;144389
1787858655.9082851;test_logistic_regression_classification;0.6298446655273438;65593765.0;57465246.0;3603288.0;2722222.0;7720
1787858686.5720408;test_decision_tree_classification_inference;0.12419366836547852;4587268.0;3713430.0;573612.0;403094.0;1265
1787858716.7292032;test_gaussian_NB_classification_inference;0.042449235916137695;1409298.0;1099545.0;267352.0;136476.0;354
1787858746.804722;test_SVM_classification_inference;10.65649127960205;552438100.0;438243691.0;47295819.0;34578520.0;143246
1787858787.4948804;test_logistic_regression_classification;0.6243636608123779;64986344.0;59224153.0;3558596.0;2748277.0;7371
1787858818.1521304;test_decision_tree_classification;12.597515106201172;642823916.0;513517362.0;57698105.0;40884599.0;170773
1787858860.7856038;test_gaussian_NB_classification;0.20703792572021484;8789284.0;6846723.0;1224107.0;670736.0;1700
1787858891.0257492;test_random_forest_classification;255.11122798919678;13102906093.0;10474694254.0;1212909871.0;827815802.0;3442438
1787859176.1731453;test_logistic_regression_classification_inference;0.018382787704467773;721678.0;592772.0;92397.0;59226.0;0
1787859206.2244134;test_SVM_classification;9.338497638702393;487770724.0;386403307.0;43748024.0;30302002.0;122849
1787859245.5969262;test_random_forest_classification_inference;10.834794759750366;551453728.0;443435754.0;51462698.0;35152591.0;145086
1787859286.465478;test_SVM_classification_inference;10.598047256469727;550042476.0;432988150.0;47111301.0;34387041.0;141336
1787859327.0969698;test_decision_tree_classification;12.596036672592163;643113466.0;519607862.0;58288686.0;40871716.0;169648
1787859369.726613;test_gaussian_NB_classification;0.2108290195465088;8927651.0;6923749.0;1240524.0;683879.0;1566
1787859399.9705625;test_logistic_regression_classification;0.8144338130950928;87820271.0;74252496.0;4471563.0;3572382.0;10239
1787859430.818745;test_random_forest_classification_inference;11.118703842163086;563496970.0;454601253.0;52431218.0;36496451.0;147293
1787859471.9713323;test_SVM_classification;9.4241042137146;492399313.0;386892686.0;43523880.0;30583369.0;123900
1787859511.4316041;test_logistic_regression_classification_inference;0.020999670028686523;828550.0;727659.0;110267.0;68697.0;0
1787859541.4854841;test_gaussian_NB_classification_inference;0.05102276802062988;2459589.0;1336910.0;318164.0;165791.0;55
1787859571.5704186;test_random_forest_classification;255.80116820335388;13180851939.0;10513769715.0;1224505695.0;830050414.0;3432410
1787859857.4078462;test_decision_tree_classification_inference;0.12801575660705566;4759692.0;3835195.0;600479.0;417063.0;1064
1787859887.5688171;test_logistic_regression_classification;0.6243245601654053;65087846.0;59281709.0;3575411.0;2672314.0;8155
1787859918.2268076;test_decision_tree_classification;12.648126363754272;646180840.0;523902346.0;58213761.0;41041164.0;171085
1787859960.9088678;test_decision_tree_classification_inference;0.12769055366516113;4769763.0;3814016.0;585271.0;413191.0;631
1787859991.0696406;test_SVM_classification_inference;10.591009616851807;552664356.0;437127970.0;47015018.0;34364504.0;144652
1787860031.6943047;test_random_forest_classification;258.620032787323;13322914562.0;-251512327074.0;1229740468.0;839197105.0;3536527
1787860320.3506982;test_logistic_regression_classification_inference;0.018184185028076172;895139.0;583190.0;95962.0;61384.0;0
1787860350.4021986;test_random_forest_classification_inference;11.073493242263794;563708701.0;454308346.0;52992897.0;35930137.0;149883
1787860391.5095239;test_gaussian_NB_classification;0.21301484107971191;9107277.0;7048200.0;1247638.0;690551.0;2752
1787860421.755428;test_gaussian_NB_classification_inference;0.0413365364074707;1372616.0;1072813.0;257805.0;133492.0;0
1787860451.8297195;test_SVM_classification;9.366841554641724;489515226.0;386135242.0;43608121.0;30394475.0;125919
