task_type,dataset,algo,phase,lang,n,rt_mean_s,rt_sd_s,rt_cv_pct,pkg_mean_J,pkg_sd_J,pkg_cv_pct,dram_mean_J,dram_sd_J,dram_cv_pct
Regression,Dataset1,Neural Network,Training,Python,10,18.2044,0.5260,2.89,4371.29,125.32,2.87,184.99,3.90,2.11
Regression,Dataset1,Neural Network,Training,R,10,2.2087,1.5109,68.41,203.22,141.71,69.73,19.72,13.49,68.37
Regression,Dataset1,Neural Network,Inference,Python,10,0.0304,0.0150,49.28,3.05,1.67,54.62,0.29,0.15,50.99
Regression,Dataset1,Neural Network,Inference,R,10,0.0088,0.0028,32.00,0.56,0.14,26.05,0.08,0.02,29.75
Regression,Dataset1,Support Vector Machine,Training,Python,10,12.0837,0.0595,0.49,1124.77,8.31,0.74,99.83,5.51,5.52
Regression,Dataset1,Support Vector Machine,Training,R,10,32.9344,0.0634,0.19,3082.99,7.93,0.26,261.01,1.42,0.54
Regression,Dataset1,Support Vector Machine,Inference,Python,10,4.2546,0.0155,0.37,392.43,2.44,0.62,34.65,2.48,7.15
Regression,Dataset1,Support Vector Machine,Inference,R,10,2.8703,0.0260,0.91,266.30,2.46,0.92,22.20,0.24,1.08
Regression,Dataset1,Gaussian Regression,Training,Python,9,36.4117,1.7691,4.86,4812.24,158.77,3.30,411.94,25.15,6.10
Regression,Dataset1,Gaussian Regression,Training,R,10,0.0671,0.0036,5.32,4.02,0.21,5.34,0.59,0.03,5.38
Regression,Dataset1,Gaussian Regression,Inference,Python,10,10.7512,0.5017,4.67,1913.32,48.61,2.54,147.91,7.03,4.75
Regression,Dataset1,Gaussian Regression,Inference,R,10,0.0100,0.0018,18.24,0.63,0.11,16.96,0.09,0.02,17.59
Regression,Dataset1,Decision Tree,Training,Python,10,0.1550,0.0010,0.62,10.58,0.11,1.00,1.26,0.07,5.96
Regression,Dataset1,Decision Tree,Training,R,10,0.1618,0.0351,21.71,11.32,3.26,28.81,1.33,0.34,25.45
Regression,Dataset1,Decision Tree,Inference,Python,10,0.0113,0.0011,9.49,0.83,0.44,52.74,0.09,0.01,9.22
Regression,Dataset1,Decision Tree,Inference,R,10,0.0145,0.0029,20.17,0.86,0.16,18.92,0.13,0.03,21.14
Regression,Dataset1,Linear Regression,Training,Python,10,0.0267,0.0020,7.60,1.59,0.28,17.87,0.21,0.01,6.81
Regression,Dataset1,Linear Regression,Training,R,10,0.0124,0.0021,16.54,0.75,0.12,15.41,0.11,0.02,15.69
Regression,Dataset1,Linear Regression,Inference,Python,10,0.0099,0.0041,41.03,0.58,0.29,50.27,0.07,0.03,42.33
Regression,Dataset1,Linear Regression,Inference,R,10,0.0091,0.0030,32.80,0.59,0.16,26.67,0.08,0.02,28.07
Regression,Dataset2,Neural Network,Training,Python,10,29.0202,0.9806,3.38,6976.89,234.07,3.35,302.59,11.90,3.93
Regression,Dataset2,Neural Network,Training,R,9,74.1982,9.8482,13.27,6996.69,933.08,13.34,695.74,93.36,13.42
Regression,Dataset2,Neural Network,Inference,Python,10,0.0676,0.0041,6.13,10.33,1.04,10.10,0.84,0.08,9.73
Regression,Dataset2,Neural Network,Inference,R,10,0.0195,0.0054,27.78,1.14,0.30,26.53,0.17,0.05,26.98
Regression,Dataset2,Support Vector Machine,Training,Python,10,15.5794,0.0540,0.35,1454.87,7.29,0.50,128.92,5.42,4.20
Regression,Dataset2,Support Vector Machine,Training,R,10,29.8686,0.1530,0.51,2796.77,13.95,0.50,236.12,2.01,0.85
Regression,Dataset2,Support Vector Machine,Inference,Python,10,14.4738,0.0131,0.09,1351.27,4.48,0.33,115.39,4.42,3.83
Regression,Dataset2,Support Vector Machine,Inference,R,10,7.8750,0.0123,0.16,737.01,1.61,0.22,60.96,0.20,0.33
Regression,Dataset2,Gaussian Regression,Training,Python,10,37.5828,2.6459,7.04,4909.66,238.57,4.86,438.04,39.85,9.10
Regression,Dataset2,Gaussian Regression,Training,R,10,0.1928,0.0650,33.69,14.36,6.09,42.38,1.79,0.62,34.75
Regression,Dataset2,Gaussian Regression,Inference,Python,10,21.0386,0.9666,4.59,3830.92,94.84,2.48,303.35,14.53,4.79
Regression,Dataset2,Gaussian Regression,Inference,R,10,0.0329,0.0208,63.26,2.04,1.47,72.27,0.30,0.20,67.46
Regression,Dataset2,Decision Tree,Training,Python,10,0.9462,0.0037,0.39,83.59,0.41,0.49,7.72,0.46,5.91
Regression,Dataset2,Decision Tree,Training,R,10,0.3769,0.0119,3.16,31.36,1.28,4.09,3.10,0.11,3.57
Regression,Dataset2,Decision Tree,Inference,Python,10,0.0364,0.0019,5.26,2.02,0.11,5.54,0.28,0.02,6.03
Regression,Dataset2,Decision Tree,Inference,R,10,0.0263,0.0089,33.84,1.52,0.53,35.14,0.23,0.08,36.32
Regression,Dataset2,Linear Regression,Training,Python,10,0.0464,0.0036,7.78,2.75,0.22,7.95,0.39,0.04,9.65
Regression,Dataset2,Linear Regression,Training,R,10,0.0416,0.0544,130.69,2.78,4.26,152.98,0.38,0.52,135.80
Regression,Dataset2,Linear Regression,Inference,Python,10,0.0074,0.0024,32.47,0.42,0.20,47.59,0.06,0.02,33.63
Regression,Dataset2,Linear Regression,Inference,R,10,0.0093,0.0011,12.00,0.57,0.07,11.99,0.09,0.01,9.43
Regression,Dataset3,Neural Network,Training,Python,9,30.0616,0.9225,3.07,7229.27,239.25,3.31,308.97,11.58,3.75
Regression,Dataset3,Neural Network,Training,R,9,116.7524,83.8260,71.80,10991.83,7905.04,71.92,1146.59,823.52,71.82
Regression,Dataset3,Neural Network,Inference,Python,10,0.3286,0.0807,24.58,62.59,15.71,25.10,4.91,1.32,26.88
Regression,Dataset3,Neural Network,Inference,R,10,0.2040,0.2078,101.87,15.69,19.08,121.65,1.89,1.83,96.81
Regression,Dataset3,Support Vector Machine,Training,Python,10,2.9974,0.0318,1.06,275.43,1.74,0.63,24.83,1.50,6.04
Regression,Dataset3,Support Vector Machine,Training,R,10,19.3419,0.2235,1.16,1807.18,21.99,1.22,153.49,2.50,1.63
Regression,Dataset3,Support Vector Machine,Inference,Python,10,1.7866,0.0050,0.28,162.47,1.05,0.65,14.33,0.92,6.39
Regression,Dataset3,Support Vector Machine,Inference,R,10,3.5434,0.0766,2.16,329.14,7.27,2.21,27.46,0.75,2.73
Regression,Dataset3,Gaussian Regression,Training,Python,10,36.1649,2.7750,7.67,4795.31,256.50,5.35,416.03,37.46,9.00
Regression,Dataset3,Gaussian Regression,Training,R,10,1.9471,0.3420,17.57,178.55,32.01,17.93,19.02,3.39,17.80
Regression,Dataset3,Gaussian Regression,Inference,Python,10,21.2943,1.3501,6.34,3845.85,122.54,3.19,307.39,17.61,5.73
Regression,Dataset3,Gaussian Regression,Inference,R,10,0.3049,0.2458,80.61,24.91,22.69,91.09,2.87,2.19,76.39
Regression,Dataset3,Decision Tree,Training,Python,10,14.8285,0.0935,0.63,1361.73,4.81,0.35,121.73,7.07,5.81
Regression,Dataset3,Decision Tree,Training,R,10,2.6982,0.5983,22.17,247.73,55.56,22.43,24.23,5.90,24.35
Regression,Dataset3,Decision Tree,Inference,Python,10,0.2822,0.0186,6.60,22.52,1.70,7.57,2.46,0.17,7.00
Regression,Dataset3,Decision Tree,Inference,R,10,0.1356,0.1056,77.88,9.45,9.54,100.95,1.30,1.03,79.82
Regression,Dataset3,Linear Regression,Training,Python,10,0.3494,0.0230,6.57,30.18,2.74,9.07,3.42,0.37,10.82
Regression,Dataset3,Linear Regression,Training,R,10,0.2679,0.3206,119.68,21.67,29.79,137.52,2.65,3.16,119.55
Regression,Dataset3,Linear Regression,Inference,Python,10,0.0134,0.0034,25.30,0.79,0.25,31.92,0.12,0.03,24.74
Regression,Dataset3,Linear Regression,Inference,R,10,0.0343,0.0103,29.99,2.02,0.60,29.89,0.33,0.08,23.66
Classification,Dataset1,Gaussian Naive Bayes,Training,Python,10,0.0196,0.0014,7.09,1.11,0.12,10.96,0.15,0.01,7.74
Classification,Dataset1,Gaussian Naive Bayes,Training,R,10,0.0142,0.0019,13.66,0.85,0.10,12.17,0.12,0.01,11.98
Classification,Dataset1,Gaussian Naive Bayes,Inference,Python,10,0.0085,0.0014,17.00,0.45,0.08,18.51,0.07,0.01,17.81
Classification,Dataset1,Gaussian Naive Bayes,Inference,R,10,0.0153,0.0107,70.10,0.91,0.61,67.55,0.13,0.09,66.45
Classification,Dataset1,Support Vector Machine,Training,Python,10,6.9937,0.0294,0.42,650.21,3.33,0.51,55.50,0.39,0.71
Classification,Dataset1,Support Vector Machine,Training,R,10,17.4020,0.1541,0.89,1631.90,13.73,0.84,135.94,1.25,0.92
Classification,Dataset1,Support Vector Machine,Inference,Python,10,3.3555,0.0052,0.15,308.80,0.40,0.13,25.91,0.07,0.26
Classification,Dataset1,Support Vector Machine,Inference,R,10,2.3862,0.0206,0.87,221.29,1.19,0.54,18.48,0.14,0.78
Classification,Dataset1,Random Forest,Training,Python,10,2.8860,0.0093,0.32,262.50,0.96,0.37,22.75,0.13,0.55
Classification,Dataset1,Random Forest,Training,R,10,23.2813,0.0555,0.24,2144.75,7.86,0.37,186.27,0.78,0.42
Classification,Dataset1,Random Forest,Inference,Python,10,0.2188,0.0074,3.38,16.37,0.66,4.03,1.75,0.07,3.79
Classification,Dataset1,Random Forest,Inference,R,10,0.8076,0.0134,1.65,70.56,1.26,1.79,6.48,0.12,1.88
Classification,Dataset1,Logistic Regression,Training,Python,10,0.0435,0.0079,18.15,4.02,1.36,33.68,0.34,0.07,20.73
Classification,Dataset1,Logistic Regression,Training,R,10,0.2861,0.0061,2.14,23.14,0.57,2.48,2.23,0.05,2.41
Classification,Dataset1,Logistic Regression,Inference,Python,10,0.0097,0.0042,43.41,0.64,0.33,51.98,0.07,0.03,43.29
Classification,Dataset1,Logistic Regression,Inference,R,10,0.0155,0.0116,74.54,0.93,0.67,72.14,0.13,0.09,68.49
Classification,Dataset1,Decision Tree,Training,Python,10,0.1488,0.0012,0.81,9.93,0.10,1.04,1.15,0.01,1.00
Classification,Dataset1,Decision Tree,Training,R,10,0.7814,0.0058,0.75,68.93,0.50,0.73,6.22,0.06,0.92
Classification,Dataset1,Decision Tree,Inference,Python,10,0.0096,0.0015,15.22,0.50,0.08,16.39,0.07,0.01,14.58
Classification,Dataset1,Decision Tree,Inference,R,10,0.0129,0.0017,13.33,0.79,0.09,11.68,0.11,0.01,11.59
Classification,Dataset2,Gaussian Naive Bayes,Training,Python,10,0.0400,0.0016,4.03,2.28,0.10,4.49,0.31,0.01,4.16
Classification,Dataset2,Gaussian Naive Bayes,Training,R,10,0.0295,0.0010,3.50,1.69,0.07,3.99,0.25,0.01,4.07
Classification,Dataset2,Gaussian Naive Bayes,Inference,Python,10,0.0115,0.0023,19.77,0.61,0.13,20.87,0.09,0.02,21.17
Classification,Dataset2,Gaussian Naive Bayes,Inference,R,10,0.0178,0.0007,3.69,1.04,0.03,3.32,0.16,0.01,3.64
Classification,Dataset2,Support Vector Machine,Training,Python,10,13.0256,0.0573,0.44,1213.77,7.19,0.59,104.26,0.69,0.66
Classification,Dataset2,Support Vector Machine,Training,R,10,26.7065,0.1196,0.45,2504.57,13.78,0.55,210.86,2.37,1.12
Classification,Dataset2,Support Vector Machine,Inference,Python,10,12.9308,0.0405,0.31,1203.06,4.93,0.41,99.88,0.46,0.46
Classification,Dataset2,Support Vector Machine,Inference,R,10,7.3786,0.0523,0.71,689.52,5.21,0.76,57.42,0.78,1.37
Classification,Dataset2,Random Forest,Training,Python,10,26.7689,0.1412,0.53,2468.20,14.65,0.59,210.95,1.45,0.69
Classification,Dataset2,Random Forest,Training,R,10,101.3228,0.2446,0.24,9355.68,28.40,0.30,817.86,6.55,0.80
Classification,Dataset2,Random Forest,Inference,Python,10,1.4652,0.0284,1.94,130.80,2.57,1.96,11.72,0.22,1.89
Classification,Dataset2,Random Forest,Inference,R,10,7.1868,0.1957,2.72,655.29,17.77,2.71,57.99,2.02,3.48
Classification,Dataset2,Logistic Regression,Training,Python,10,0.0873,0.0155,17.78,10.32,2.99,28.98,0.73,0.14,19.16
Classification,Dataset2,Logistic Regression,Training,R,10,0.5347,0.0056,1.05,46.98,0.67,1.42,4.18,0.05,1.27
Classification,Dataset2,Logistic Regression,Inference,Python,10,0.0099,0.0035,35.40,0.62,0.27,43.56,0.08,0.03,34.79
Classification,Dataset2,Logistic Regression,Inference,R,10,0.0213,0.0007,3.18,1.24,0.04,3.04,0.18,0.01,3.23
Classification,Dataset2,Decision Tree,Training,Python,10,0.9045,0.0064,0.71,79.55,0.51,0.64,7.06,0.05,0.71
Classification,Dataset2,Decision Tree,Training,R,10,2.5442,0.0575,2.26,234.85,5.59,2.38,20.16,0.51,2.51
Classification,Dataset2,Decision Tree,Inference,Python,10,0.0311,0.0009,2.82,1.68,0.05,3.22,0.24,0.01,2.90
Classification,Dataset2,Decision Tree,Inference,R,10,0.0301,0.0197,65.43,2.01,1.99,98.97,0.32,0.36,111.89
Classification,Dataset3,Gaussian Naive Bayes,Training,Python,10,0.2110,0.0026,1.21,15.98,0.24,1.48,1.92,0.02,1.13
Classification,Dataset3,Gaussian Naive Bayes,Training,R,10,0.1545,0.0141,9.14,10.74,1.30,12.13,1.41,0.11,7.97
Classification,Dataset3,Gaussian Naive Bayes,Inference,Python,10,0.0426,0.0031,7.23,2.60,0.42,16.28,0.41,0.03,6.93
Classification,Dataset3,Gaussian Naive Bayes,Inference,R,10,0.1777,0.3053,171.80,14.14,28.66,202.64,1.67,2.82,169.25
Classification,Dataset3,Support Vector Machine,Training,Python,10,9.3555,0.0265,0.28,873.09,2.83,0.32,74.20,0.43,0.58
Classification,Dataset3,Support Vector Machine,Training,R,10,21.9624,0.1785,0.81,2068.17,16.24,0.79,175.13,2.14,1.22
Classification,Dataset3,Support Vector Machine,Inference,Python,10,10.6493,0.0323,0.30,989.99,4.94,0.50,82.03,0.40,0.48
Classification,Dataset3,Support Vector Machine,Inference,R,10,6.0402,0.0598,0.99,567.11,6.27,1.11,47.50,0.53,1.12
Classification,Dataset3,Random Forest,Training,Python,9,255.5841,0.7986,0.31,23635.96,65.26,0.28,2048.53,10.14,0.49
Classification,Dataset3,Random Forest,Training,R,4,1735.0206,29.9148,1.72,160808.35,2719.35,1.69,15172.62,241.72,1.59
Classification,Dataset3,Random Forest,Inference,Python,10,10.9044,0.1119,1.03,1002.80,9.05,0.90,87.56,0.95,1.08
Classification,Dataset3,Random Forest,Inference,R,10,48.5638,0.4655,0.96,4467.03,45.76,1.02,401.54,5.71,1.42
Classification,Dataset3,Logistic Regression,Training,Python,10,0.6650,0.0656,9.87,128.10,15.11,11.80,6.64,0.60,9.09
Classification,Dataset3,Logistic Regression,Training,R,10,5.8668,0.0604,1.03,559.90,5.46,0.98,56.50,0.60,1.06
Classification,Dataset3,Logistic Regression,Inference,Python,10,0.0171,0.0036,20.85,1.21,0.30,24.62,0.14,0.03,19.70
Classification,Dataset3,Logistic Regression,Inference,R,10,0.0810,0.0107,13.18,5.04,0.73,14.47,0.71,0.08,10.93
Classification,Dataset3,Decision Tree,Training,Python,10,12.5998,0.0400,0.32,1161.61,5.02,0.43,98.85,0.59,0.59
Classification,Dataset3,Decision Tree,Training,R,10,57.6394,0.4506,0.78,5404.62,40.71,0.75,531.85,5.40,1.02
Classification,Dataset3,Decision Tree,Inference,Python,10,0.1251,0.0015,1.21,8.35,0.15,1.76,0.99,0.01,1.30
Classification,Dataset3,Decision Tree,Inference,R,10,0.2501,0.2632,105.21,19.66,24.52,124.69,2.28,2.27,99.49
