"new_tag","timestamp","time","package0","package1","dram0","dram1"
"test_gaussian_NB_classification_inference",1787862417.15589,1.04551362991333,53069566,42596815,6232959,3448345
"test_SVM_classification",1787862448.2372,21.8400874137878,1159466025,896446375,103625829,70865775
"test_decision_tree_classification_inference",1787862500.11087,0.996458292007446,49323604,39879231,5483260,3235400
"test_gaussian_NB_classification",1787862531.14087,0.150045156478882,5786118,4454762,879321,491023
"test_logistic_regression_classification_inference",1787862561.32452,0.0762157440185547,2645440,2062678,430940,253781
"test_decision_tree_classification",1787862591.43425,56.9009594917297,2992930143,2336189088,338963147,184654919
"test_random_forest_classification",1787862678.36879,1744.38751125336,-172344599752,71867154521,9607534785,5660276203
"test_SVM_classification_inference",1787864452.78979,6.09700155258179,322709318,251533475,28278424,19786526
"test_logistic_regression_classification",1787864488.92029,5.90764594078064,321281892,243727831,37863598,19169952
"test_random_forest_classification_inference",1787864524.86137,48.2954759597778,2456696348,1982574942,242709209,156725428
"test_SVM_classification",1787864603.19049,21.9645674228668,1166029791,911034289,104676204,71271638
"test_random_forest_classification",1787864655.18862,1762.54307842255,90740623904,72639476579,9712371502,5719775256
"test_gaussian_NB_classification_inference",1787866447.76526,0.0773987770080566,2731560,2085078,492461,257147
"test_decision_tree_classification_inference",1787866477.87641,0.155837059020996,6154403,4775806,960350,511005
"test_decision_tree_classification",1787866508.06575,58.429000377655,3076554441,2397587063,352314370,189594035
"test_gaussian_NB_classification",1787866596.52833,0.154041051864624,6004746,4644581,900987,501610
"test_logistic_regression_classification",1787866626.71591,5.86785435676575,318604164,238877989,37598358,19045241
"test_random_forest_classification_inference",1787866662.61372,48.3005657196045,2454529361,1988642309,240342069,156727676
"test_SVM_classification_inference",1787866740.94787,5.96785521507263,314922107,246234233,27357991,19364154
"test_logistic_regression_classification_inference",1787866776.94925,0.0834333896636963,2871514,2276727,450539,273533
"test_random_forest_classification_inference",1787866807.06637,48.3373396396637,2454597476,1983137990,234841429,156858767
"test_logistic_regression_classification",1787866885.43733,5.92871499061584,321141329,244661666,37259187,19241861
"test_SVM_classification",1787866921.39946,21.5646586418152,1143462587,889939373,100076505,69978926
"test_decision_tree_classification_inference",1787866972.9975,0.211668014526367,8926918,7075055,1241106,692708
"test_gaussian_NB_classification",1787867003.24281,0.189535856246948,7830425,6157821,1056067,621884
"test_SVM_classification_inference",1787867033.46584,5.93648743629456,312512383,244132737,27357287,19269540
"test_decision_tree_classification",1787867069.43589,57.5472900867462,3027767152,2360409179,340958848,186750500
"test_logistic_regression_classification_inference",1787867157.01669,0.11013650894165,3933034,3105461,567706,358127
"test_gaussian_NB_classification_inference",1787867187.16053,0.122240304946899,4403920,3452323,675617,403247
"test_random_forest_classification",1787867217.31635,1747.56840586662,-172219585728,-190158895089,9578469253,5671779983
"test_logistic_regression_classification_inference",1787868994.91836,0.0777244567871094,2700859,2110224,434948,253751
"test_SVM_classification_inference",1787869025.02959,6.06962490081787,320529758,250574371,28322304,19697848
"test_gaussian_NB_classification_inference",1787869061.13268,0.0757613182067871,2690057,2027217,482776,250721
"test_random_forest_classification",1787869091.24214,1727.87290596962,88974339730,71207444905,9539178593,5606735643
"test_logistic_regression_classification",1787870849.14871,5.8408796787262,318153544,239536008,37461239,18960892
"test_decision_tree_classification_inference",1787870885.02303,0.155341148376465,6072555,4702564,957413,507516
"test_gaussian_NB_classification",1787870915.21199,0.155552387237549,6189559,4766772,913211,507990
"test_decision_tree_classification",1787870945.40107,57.3109028339386,3017655239,2376574421,343637495,185962274
"test_random_forest_classification_inference",1787871032.74546,48.2032444477081,2453125068,1978115969,245843262,156423925
"test_SVM_classification",1787871110.98223,21.8259372711182,1157791836,897870016,104139726,70825842
"test_gaussian_NB_classification",1787871162.84171,0.146409511566162,5621141,4316395,855882,478691
"test_random_forest_classification",1787871193.0217,1695.94948124886,87373973466,69884361989,9352954841,5503110564
"test_logistic_regression_classification_inference",1787872919.00474,0.082902193069458,2889886,2276850,466329,272876
"test_gaussian_NB_classification_inference",1787872949.12119,0.0758171081542969,2686211,2025813,478171,250032
"test_SVM_classification",1787872979.23059,22.0688116550446,1169166746,904126043,103402189,71617739
"test_decision_tree_classification",1787873031.33282,57.5739300251007,3037364050,2361599789,347968665,186826281
"test_random_forest_classification_inference",1787873118.94031,48.3150968551636,2458244561,2002695679,248425533,156773806
"test_logistic_regression_classification",1787873197.28906,5.91206073760986,321221223,241321831,37904770,19194018
"test_decision_tree_classification_inference",1787873233.23468,0.154525995254517,6070724,4676623,953327,504563
"test_SVM_classification_inference",1787873263.42268,6.00133204460144,316279341,244858077,28275792,19477986
"test_gaussian_NB_classification",1787873299.45757,0.167325496673584,6673872,5197802,967893,546593
"test_decision_tree_classification",1787873329.65841,57.8367598056793,3041606654,2376244833,345146198,187673028
"test_random_forest_classification_inference",1787873417.52869,48.3260343074799,2455685363,1983499439,244302964,156830049
"test_random_forest_classification",1787873495.88825,1746.68822431564,-172213546437,-190184652591,-56080915994,5668693696
"test_gaussian_NB_classification_inference",1787875272.61008,0.0761487483978271,2684563,2049189,485713,253735
"test_logistic_regression_classification_inference",1787875302.71978,0.0759470462799072,2605035,2019892,423014,250185
"test_SVM_classification",1787875332.82929,21.9768970012665,1164197093,900747450,103585789,71315580
"test_SVM_classification_inference",1787875384.83965,6.06621313095093,319972204,249985139,28134634,19687030
"test_logistic_regression_classification",1787875420.93928,5.8751175403595,318841530,242331716,37636087,19068191
"test_decision_tree_classification_inference",1787875456.84796,0.159167289733887,6335616,4919055,981082,517384
"test_gaussian_NB_classification",1787875487.04074,0.145233631134033,5600206,4313587,847513,475142
"test_random_forest_classification",1787875517.21954,1727.78726744652,88941566132,71155087313,9498508882,-60105878150
"test_logistic_regression_classification",1787877275.04045,5.86776185035706,319372107,241770987,37787098,19042074
"test_decision_tree_classification",1787877310.94181,57.5401980876923,3032210987,2362968072,343096472,186706742
"test_random_forest_classification_inference",1787877398.51553,49.1772489547729,2505649408,2016153530,251666946,159578617
"test_SVM_classification",1787877477.72644,22.1737244129181,1175664105,909126945,105679685,71953972
"test_SVM_classification_inference",1787877529.93364,6.08483815193176,320470371,250623932,27923724,19747282
"test_gaussian_NB_classification_inference",1787877566.05193,0.0757951736450195,2691704,2040217,482608,250293
"test_decision_tree_classification_inference",1787877596.16132,0.155875682830811,6069259,4696277,963701,510699
"test_logistic_regression_classification_inference",1787877626.35082,0.0767793655395508,2625420,2084651,424896,253903
"test_gaussian_NB_classification",1787877656.46122,0.145922422409058,5628464,4331715,856020,478247
"test_random_forest_classification_inference",1787877686.61383,48.1703503131866,2442915804,1983224659,239770462,156302352
"test_decision_tree_classification",1787877764.81771,58.2998790740967,3065744349,2397395230,349646723,189175228
"test_SVM_classification_inference",1787877853.15111,6.04372954368591,318448342,249322360,27792343,19611004
"test_logistic_regression_classification",1787877889.22829,5.93282961845398,321278536,244466781,37622746,19254087
"test_decision_tree_classification_inference",1787877925.19467,0.204632520675659,8593544,6789716,1204217,667248
"test_random_forest_classification",1787877955.43295,1732.53112721443,-172984684355,71302413840,9526898047,5622409008
"test_gaussian_NB_classification_inference",1787879717.99781,0.0769708156585693,2709221,2081172,490059,250844
"test_SVM_classification",1787879748.10845,22.0935363769531,1169717159,910794177,106162386,71694791
"test_logistic_regression_classification_inference",1787879800.23552,0.0761141777038574,2680596,2085505,424958,253827
"test_gaussian_NB_classification",1787879830.34533,0.146688938140869,5625657,4323170,875986,481644
"test_random_forest_classification",1787879860.52566,1710.3615834713,88024127502,-191700484587,9410840862,5550518700
"test_decision_tree_classification_inference",1787881600.92085,0.154283761978149,6093185,4723193,952807,507088
"test_random_forest_classification_inference",1787881631.10873,49.158965587616,2504378599,2014643646,246642257,159510670
"test_gaussian_NB_classification_inference",1787881710.30136,0.0740625858306885,2628167,1999384,470246,244050
"test_SVM_classification_inference",1787881740.40913,6.12445020675659,322534392,252589624,28035383,19872711
"test_logistic_regression_classification",1787881776.56699,5.78120923042297,313683340,238373169,36797938,18759590
"test_SVM_classification",1787881812.38168,22.0984282493591,1168812438,916898349,102948070,71701093
"test_decision_tree_classification",1787881864.51352,57.4628803730011,3025720525,2367803264,343371749,186457673
"test_logistic_regression_classification_inference",1787881952.00988,0.0759949684143066,2682732,2061335,423060,247172
"test_random_forest_classification",1787881982.11957,1753.71711134911,90196070916,72217102417,9565453802,5690899046
"test_random_forest_classification_inference",1787883765.87029,49.3535075187683,2524086007,2027697079,244956702,160180000
"test_logistic_regression_classification",1787883845.2574,5.75362324714661,312978264,237382754,36660698,18673130
"test_gaussian_NB_classification",1787883881.04452,0.144640684127808,5636277,4339101,851644,475141
"test_decision_tree_classification",1787883911.22273,57.4918529987335,3023539562,2368325053,343042249,186558026
"test_SVM_classification",1787883998.74811,22.0173375606537,1166156866,904213689,104320969,71458619
"test_logistic_regression_classification_inference",1787884050.79894,0.074573278427124,2616876,2029352,427145,247233
"test_decision_tree_classification_inference",1787884080.90714,0.153534889221191,6061630,4689868,953588,504043
"test_gaussian_NB_classification_inference",1787884111.09427,0.0771529674530029,2711114,2072017,497433,257040
"test_SVM_classification_inference",1787884141.20507,6.01080894470215,315904953,246956338,27517234,19502161
